path,melon,mic point,impulse,impulse point,sweetness
Melon_Audio/M1P1K1.wav,1,1,Knock,1,not sweet
Melon_Audio/M1P1K2.wav,1,1,Knock,2,not sweet
Melon_Audio/M1P1K3.wav,1,1,Knock,3,not sweet
Melon_Audio/M1P1S1.wav,1,1,Slap,1,not sweet
Melon_Audio/M1P1S2.wav,1,1,Slap,2,not sweet
Melon_Audio/M1P1S3.wav,1,1,Slap,3,not sweet
Melon_Audio/M1P2K1.wav,1,2,Knock,1,not sweet
Melon_Audio/M1P2K2.wav,1,2,Knock,2,not sweet
Melon_Audio/M1P2K3.wav,1,2,Knock,3,not sweet
Melon_Audio/M1P2S1.wav,1,2,Slap,1,not sweet
Melon_Audio/M1P2S2.wav,1,2,Slap,2,not sweet
Melon_Audio/M1P2S3.wav,1,2,Slap,3,not sweet
Melon_Audio/M2P1K1.wav,2,1,Knock,1,not sweet
Melon_Audio/M2P1K2.wav,2,1,Knock,2,not sweet
Melon_Audio/M2P1K3.wav,2,1,Knock,3,not sweet
Melon_Audio/M2P1S1.wav,2,1,Slap,1,not sweet
Melon_Audio/M2P1S2.wav,2,1,Slap,2,not sweet
Melon_Audio/M2P1S3.wav,2,1,Slap,3,not sweet
Melon_Audio/M2P2K1.wav,2,2,Knock,1,not sweet
Melon_Audio/M2P2K2.wav,2,2,Knock,2,not sweet
Melon_Audio/M2P2K3.wav,2,2,Knock,3,not sweet
Melon_Audio/M2P2S1.wav,2,2,Slap,1,not sweet
Melon_Audio/M2P2S2.wav,2,2,Slap,2,not sweet
Melon_Audio/M2P2S3.wav,2,2,Slap,3,not sweet
Melon_Audio/M3P1K1.wav,3,1,Knock,1,sweet
Melon_Audio/M3P1K2.wav,3,1,Knock,2,sweet
Melon_Audio/M3P1K3.wav,3,1,Knock,3,sweet
Melon_Audio/M3P1S1.wav,3,1,Slap,1,sweet
Melon_Audio/M3P1S2.wav,3,1,Slap,2,sweet
Melon_Audio/M3P1S3.wav,3,1,Slap,3,sweet
Melon_Audio/M3P2K1.wav,3,2,Knock,1,sweet
Melon_Audio/M3P2K2.wav,3,2,Knock,2,sweet
Melon_Audio/M3P2K3.wav,3,2,Knock,3,sweet
Melon_Audio/M3P2S1.wav,3,2,Slap,1,sweet
Melon_Audio/M3P2S2.wav,3,2,Slap,2,sweet
Melon_Audio/M3P2S3.wav,3,2,Slap,3,sweet
Melon_Audio/M4P1K1.wav,4,1,Knock,1,sweet
Melon_Audio/M4P1K2.wav,4,1,Knock,2,sweet
Melon_Audio/M4P1K3.wav,4,1,Knock,3,sweet
Melon_Audio/M4P1S1.wav,4,1,Slap,1,sweet
Melon_Audio/M4P1S2.wav,4,1,Slap,2,sweet
Melon_Audio/M4P1S3.wav,4,1,Slap,3,sweet
Melon_Audio/M4P2K1.wav,4,2,Knock,1,sweet
Melon_Audio/M4P2K2.wav,4,2,Knock,2,sweet
Melon_Audio/M4P2K3.wav,4,2,Knock,3,sweet
Melon_Audio/M4P2S1.wav,4,2,Slap,1,sweet
Melon_Audio/M4P2S2.wav,4,2,Slap,2,sweet
Melon_Audio/M4P2S3.wav,4,2,Slap,3,sweet
Melon_Audio/M5P1K1.wav,5,1,Knock,1,sweet
Melon_Audio/M5P1K2.wav,5,1,Knock,2,sweet
Melon_Audio/M5P1K3.wav,5,1,Knock,3,sweet
Melon_Audio/M5P1S1.wav,5,1,Slap,1,sweet
Melon_Audio/M5P1S2.wav,5,1,Slap,2,sweet
Melon_Audio/M5P1S3.wav,5,1,Slap,3,sweet
Melon_Audio/M5P2K1.wav,5,2,Knock,1,sweet
Melon_Audio/M5P2K2.wav,5,2,Knock,2,sweet
Melon_Audio/M5P2K3.wav,5,2,Knock,3,sweet
Melon_Audio/M5P2S1.wav,5,2,Slap,1,sweet
Melon_Audio/M5P2S2.wav,5,2,Slap,2,sweet
Melon_Audio/M5P2S3.wav,5,2,Slap,3,sweet
Melon_Audio/M6P1K1.wav,6,1,Knock,1,sweet
Melon_Audio/M6P1K2.wav,6,1,Knock,2,sweet
Melon_Audio/M6P1K3.wav,6,1,Knock,3,sweet
Melon_Audio/M6P1S1.wav,6,1,Slap,1,sweet
Melon_Audio/M6P1S2.wav,6,1,Slap,2,sweet
Melon_Audio/M6P1S3.wav,6,1,Slap,3,sweet
Melon_Audio/M6P2K1.wav,6,2,Knock,1,sweet
Melon_Audio/M6P2K2.wav,6,2,Knock,2,sweet
Melon_Audio/M6P2K3.wav,6,2,Knock,3,sweet
Melon_Audio/M6P2S1.wav,6,2,Slap,1,sweet
Melon_Audio/M6P2S2.wav,6,2,Slap,2,sweet
Melon_Audio/M6P2S3.wav,6,2,Slap,3,sweet
Melon_Audio/M7P1K1.wav,7,1,Knock,1,sweet
Melon_Audio/M7P1K2.wav,7,1,Knock,2,sweet
Melon_Audio/M7P1K3.wav,7,1,Knock,3,sweet
Melon_Audio/M7P1S1.wav,7,1,Slap,1,sweet
Melon_Audio/M7P1S2.wav,7,1,Slap,2,sweet
Melon_Audio/M7P1S3.wav,7,1,Slap,3,sweet
Melon_Audio/M7P2K1.wav,7,2,Knock,1,sweet
Melon_Audio/M7P2K2.wav,7,2,Knock,2,sweet
Melon_Audio/M7P2K3.wav,7,2,Knock,3,sweet
Melon_Audio/M7P2S1.wav,7,2,Slap,1,sweet
Melon_Audio/M7P2S2.wav,7,2,Slap,2,sweet
Melon_Audio/M7P2S3.wav,7,2,Slap,3,sweet
Melon_Audio/M8P1K1.wav,8,1,Knock,1,not sweet
Melon_Audio/M8P1K2.wav,8,1,Knock,2,not sweet
Melon_Audio/M8P1K3.wav,8,1,Knock,3,not sweet
Melon_Audio/M8P1S1.wav,8,1,Slap,1,not sweet
Melon_Audio/M8P1S2.wav,8,1,Slap,2,not sweet
Melon_Audio/M8P1S3.wav,8,1,Slap,3,not sweet
Melon_Audio/M8P2K1.wav,8,2,Knock,1,not sweet
Melon_Audio/M8P2K2.wav,8,2,Knock,2,not sweet
Melon_Audio/M8P2K3.wav,8,2,Knock,3,not sweet
Melon_Audio/M8P2S1.wav,8,2,Slap,1,not sweet
Melon_Audio/M8P2S2.wav,8,2,Slap,2,not sweet
Melon_Audio/M8P2S3.wav,8,2,Slap,3,not sweet
Melon_Audio/M9P1K1.wav,9,1,Knock,1,very sweet
Melon_Audio/M9P1K2.wav,9,1,Knock,2,very sweet
Melon_Audio/M9P1K3.wav,9,1,Knock,3,very sweet
Melon_Audio/M9P1S1.wav,9,1,Slap,1,very sweet
Melon_Audio/M9P1S2.wav,9,1,Slap,2,very sweet
Melon_Audio/M9P1S3.wav,9,1,Slap,3,very sweet
Melon_Audio/M9P2K1.wav,9,2,Knock,1,very sweet
Melon_Audio/M9P2K2.wav,9,2,Knock,2,very sweet
Melon_Audio/M9P2K3.wav,9,2,Knock,3,very sweet
Melon_Audio/M9P2S1.wav,9,2,Slap,1,very sweet
Melon_Audio/M9P2S2.wav,9,2,Slap,2,very sweet
Melon_Audio/M9P2S3.wav,9,2,Slap,3,very sweet
Melon_Audio/M10P1K1.wav,10,1,Knock,1,sweet
Melon_Audio/M10P1K2.wav,10,1,Knock,2,sweet
Melon_Audio/M10P1K3.wav,10,1,Knock,3,sweet
Melon_Audio/M10P1S1.wav,10,1,Slap,1,sweet
Melon_Audio/M10P1S2.wav,10,1,Slap,2,sweet
Melon_Audio/M10P1S3.wav,10,1,Slap,3,sweet
Melon_Audio/M10P2K1.wav,10,2,Knock,1,sweet
Melon_Audio/M10P2K2.wav,10,2,Knock,2,sweet
Melon_Audio/M10P2K3.wav,10,2,Knock,3,sweet
Melon_Audio/M10P2S1.wav,10,2,Slap,1,sweet
Melon_Audio/M10P2S2.wav,10,2,Slap,2,sweet
Melon_Audio/M10P2S3.wav,10,2,Slap,3,sweet
Melon_Audio/M11P1K1.wav,11,1,Knock,1,not sweet
Melon_Audio/M11P1K2.wav,11,1,Knock,2,not sweet
Melon_Audio/M11P1K3.wav,11,1,Knock,3,not sweet
Melon_Audio/M11P1S1.wav,11,1,Slap,1,not sweet
Melon_Audio/M11P1S2.wav,11,1,Slap,2,not sweet
Melon_Audio/M11P1S3.wav,11,1,Slap,3,not sweet
Melon_Audio/M11P2K1.wav,11,2,Knock,1,not sweet
Melon_Audio/M11P2K2.wav,11,2,Knock,2,not sweet
Melon_Audio/M11P2K3.wav,11,2,Knock,3,not sweet
Melon_Audio/M11P2S1.wav,11,2,Slap,1,not sweet
Melon_Audio/M11P2S2.wav,11,2,Slap,2,not sweet
Melon_Audio/M11P2S3.wav,11,2,Slap,3,not sweet
Melon_Audio/M12P1K1.wav,12,1,Knock,1,very sweet
Melon_Audio/M12P1K2.wav,12,1,Knock,2,very sweet
Melon_Audio/M12P1K3.wav,12,1,Knock,3,very sweet
Melon_Audio/M12P1S1.wav,12,1,Slap,1,very sweet
Melon_Audio/M12P1S2.wav,12,1,Slap,2,very sweet
Melon_Audio/M12P1S3.wav,12,1,Slap,3,very sweet
Melon_Audio/M12P2K1.wav,12,2,Knock,1,very sweet
Melon_Audio/M12P2K2.wav,12,2,Knock,2,very sweet
Melon_Audio/M12P2K3.wav,12,2,Knock,3,very sweet
Melon_Audio/M12P2S1.wav,12,2,Slap,1,very sweet
Melon_Audio/M12P2S2.wav,12,2,Slap,2,very sweet
Melon_Audio/M12P2S3.wav,12,2,Slap,3,very sweet
Melon_Audio/M13P1K1.wav,13,1,Knock,1,not sweet
Melon_Audio/M13P1K2.wav,13,1,Knock,2,not sweet
Melon_Audio/M13P1K3.wav,13,1,Knock,3,not sweet
Melon_Audio/M13P1S1.wav,13,1,Slap,1,not sweet
Melon_Audio/M13P1S2.wav,13,1,Slap,2,not sweet
Melon_Audio/M13P1S3.wav,13,1,Slap,3,not sweet
Melon_Audio/M13P2K1.wav,13,2,Knock,1,not sweet
Melon_Audio/M13P2K2.wav,13,2,Knock,2,not sweet
Melon_Audio/M13P2K3.wav,13,2,Knock,3,not sweet
Melon_Audio/M13P2S1.wav,13,2,Slap,1,not sweet
Melon_Audio/M13P2S2.wav,13,2,Slap,2,not sweet
Melon_Audio/M13P2S3.wav,13,2,Slap,3,not sweet
Melon_Audio/M14P1K1.wav,14,1,Knock,1,not sweet
Melon_Audio/M14P1K2.wav,14,1,Knock,2,not sweet
Melon_Audio/M14P1K3.wav,14,1,Knock,3,not sweet
Melon_Audio/M14P1S1.wav,14,1,Slap,1,not sweet
Melon_Audio/M14P1S2.wav,14,1,Slap,2,not sweet
Melon_Audio/M14P1S3.wav,14,1,Slap,3,not sweet
Melon_Audio/M14P2K1.wav,14,2,Knock,1,not sweet
Melon_Audio/M14P2K2.wav,14,2,Knock,2,not sweet
Melon_Audio/M14P2K3.wav,14,2,Knock,3,not sweet
Melon_Audio/M14P2S1.wav,14,2,Slap,1,not sweet
Melon_Audio/M14P2S2.wav,14,2,Slap,2,not sweet
Melon_Audio/M14P2S3.wav,14,2,Slap,3,not sweet
Melon_Audio/M15P1K1.wav,15,1,Knock,1,sweet
Melon_Audio/M15P1K2.wav,15,1,Knock,2,sweet
Melon_Audio/M15P1K3.wav,15,1,Knock,3,sweet
Melon_Audio/M15P1S1.wav,15,1,Slap,1,sweet
Melon_Audio/M15P1S2.wav,15,1,Slap,2,sweet
Melon_Audio/M15P1S3.wav,15,1,Slap,3,sweet
Melon_Audio/M15P2K1.wav,15,2,Knock,1,sweet
Melon_Audio/M15P2K2.wav,15,2,Knock,2,sweet
Melon_Audio/M15P2K3.wav,15,2,Knock,3,sweet
Melon_Audio/M15P2S1.wav,15,2,Slap,1,sweet
Melon_Audio/M15P2S2.wav,15,2,Slap,2,sweet
Melon_Audio/M15P2S3.wav,15,2,Slap,3,sweet
Melon_Audio/M16P1K1.wav,16,1,Knock,1,sweet
Melon_Audio/M16P1K2.wav,16,1,Knock,2,sweet
Melon_Audio/M16P1K3.wav,16,1,Knock,3,sweet
Melon_Audio/M16P1S1.wav,16,1,Slap,1,sweet
Melon_Audio/M16P1S2.wav,16,1,Slap,2,sweet
Melon_Audio/M16P1S3.wav,16,1,Slap,3,sweet
Melon_Audio/M16P2K1.wav,16,2,Knock,1,sweet
Melon_Audio/M16P2K2.wav,16,2,Knock,2,sweet
Melon_Audio/M16P2K3.wav,16,2,Knock,3,sweet
Melon_Audio/M16P2S1.wav,16,2,Slap,1,sweet
Melon_Audio/M16P2S2.wav,16,2,Slap,2,sweet
Melon_Audio/M16P2S3.wav,16,2,Slap,3,sweet
Melon_Audio/M17P1K1.wav,17,1,Knock,1,not sweet
Melon_Audio/M17P1K2.wav,17,1,Knock,2,not sweet
Melon_Audio/M17P1K3.wav,17,1,Knock,3,not sweet
Melon_Audio/M17P1S1.wav,17,1,Slap,1,not sweet
Melon_Audio/M17P1S2.wav,17,1,Slap,2,not sweet
Melon_Audio/M17P1S3.wav,17,1,Slap,3,not sweet
Melon_Audio/M17P2K1.wav,17,2,Knock,1,not sweet
Melon_Audio/M17P2K2.wav,17,2,Knock,2,not sweet
Melon_Audio/M17P2K3.wav,17,2,Knock,3,not sweet
Melon_Audio/M17P2S1.wav,17,2,Slap,1,not sweet
Melon_Audio/M17P2S2.wav,17,2,Slap,2,not sweet
Melon_Audio/M17P2S3.wav,17,2,Slap,3,not sweet
Melon_Audio/M18P1K1.wav,18,1,Knock,1,not sweet
Melon_Audio/M18P1K2.wav,18,1,Knock,2,not sweet
Melon_Audio/M18P1K3.wav,18,1,Knock,3,not sweet
Melon_Audio/M18P1S1.wav,18,1,Slap,1,not sweet
Melon_Audio/M18P1S2.wav,18,1,Slap,2,not sweet
Melon_Audio/M18P1S3.wav,18,1,Slap,3,not sweet
Melon_Audio/M18P2K1.wav,18,2,Knock,1,not sweet
Melon_Audio/M18P2K2.wav,18,2,Knock,2,not sweet
Melon_Audio/M18P2K3.wav,18,2,Knock,3,not sweet
Melon_Audio/M18P2S1.wav,18,2,Slap,1,not sweet
Melon_Audio/M18P2S2.wav,18,2,Slap,2,not sweet
Melon_Audio/M18P2S3.wav,18,2,Slap,3,not sweet
Melon_Audio/M19P1K1.wav,19,1,Knock,1,not sweet
Melon_Audio/M19P1K2.wav,19,1,Knock,2,not sweet
Melon_Audio/M19P1K3.wav,19,1,Knock,3,not sweet
Melon_Audio/M19P1S1.wav,19,1,Slap,1,not sweet
Melon_Audio/M19P1S2.wav,19,1,Slap,2,not sweet
Melon_Audio/M19P1S3.wav,19,1,Slap,3,not sweet
Melon_Audio/M19P2K1.wav,19,2,Knock,1,not sweet
Melon_Audio/M19P2K2.wav,19,2,Knock,2,not sweet
Melon_Audio/M19P2K3.wav,19,2,Knock,3,not sweet
Melon_Audio/M19P2S1.wav,19,2,Slap,1,not sweet
Melon_Audio/M19P2S2.wav,19,2,Slap,2,not sweet
Melon_Audio/M19P2S3.wav,19,2,Slap,3,not sweet
Melon_Audio/M20P1K1.wav,20,1,Knock,1,not sweet
Melon_Audio/M20P1K2.wav,20,1,Knock,2,not sweet
Melon_Audio/M20P1K3.wav,20,1,Knock,3,not sweet
Melon_Audio/M20P1S1.wav,20,1,Slap,1,not sweet
Melon_Audio/M20P1S2.wav,20,1,Slap,2,not sweet
Melon_Audio/M20P1S3.wav,20,1,Slap,3,not sweet
Melon_Audio/M20P2K1.wav,20,2,Knock,1,not sweet
Melon_Audio/M20P2K2.wav,20,2,Knock,2,not sweet
Melon_Audio/M20P2K3.wav,20,2,Knock,3,not sweet
Melon_Audio/M20P2S1.wav,20,2,Slap,1,not sweet
Melon_Audio/M20P2S2.wav,20,2,Slap,2,not sweet
Melon_Audio/M20P2S3.wav,20,2,Slap,3,not sweet
Melon_Audio/M21P1K1.wav,21,1,Knock,1,sweet
Melon_Audio/M21P1K2.wav,21,1,Knock,2,sweet
Melon_Audio/M21P1K3.wav,21,1,Knock,3,sweet
Melon_Audio/M21P1S1.wav,21,1,Slap,1,sweet
Melon_Audio/M21P1S2.wav,21,1,Slap,2,sweet
Melon_Audio/M21P1S3.wav,21,1,Slap,3,sweet
Melon_Audio/M21P2K1.wav,21,2,Knock,1,sweet
Melon_Audio/M21P2K2.wav,21,2,Knock,2,sweet
Melon_Audio/M21P2K3.wav,21,2,Knock,3,sweet
Melon_Audio/M21P2S1.wav,21,2,Slap,1,sweet
Melon_Audio/M21P2S2.wav,21,2,Slap,2,sweet
Melon_Audio/M21P2S3.wav,21,2,Slap,3,sweet
Melon_Audio/M22P1K1.wav,22,1,Knock,1,not sweet
Melon_Audio/M22P1K2.wav,22,1,Knock,2,not sweet
Melon_Audio/M22P1K3.wav,22,1,Knock,3,not sweet
Melon_Audio/M22P1S1.wav,22,1,Slap,1,not sweet
Melon_Audio/M22P1S2.wav,22,1,Slap,2,not sweet
Melon_Audio/M22P1S3.wav,22,1,Slap,3,not sweet
Melon_Audio/M22P2K1.wav,22,2,Knock,1,not sweet
Melon_Audio/M22P2K2.wav,22,2,Knock,2,not sweet
Melon_Audio/M22P2K3.wav,22,2,Knock,3,not sweet
Melon_Audio/M22P2S1.wav,22,2,Slap,1,not sweet
Melon_Audio/M22P2S2.wav,22,2,Slap,2,not sweet
Melon_Audio/M22P2S3.wav,22,2,Slap,3,not sweet
Melon_Audio/M23P1K1.wav,23,1,Knock,1,somewhat sweet
Melon_Audio/M23P1K2.wav,23,1,Knock,2,somewhat sweet
Melon_Audio/M23P1K3.wav,23,1,Knock,3,somewhat sweet
Melon_Audio/M23P1S1.wav,23,1,Slap,1,somewhat sweet
Melon_Audio/M23P1S2.wav,23,1,Slap,2,somewhat sweet
Melon_Audio/M23P1S3.wav,23,1,Slap,3,somewhat sweet
Melon_Audio/M23P2K1.wav,23,2,Knock,1,somewhat sweet
Melon_Audio/M23P2K2.wav,23,2,Knock,2,somewhat sweet
Melon_Audio/M23P2K3.wav,23,2,Knock,3,somewhat sweet
Melon_Audio/M23P2S1.wav,23,2,Slap,1,somewhat sweet
Melon_Audio/M23P2S2.wav,23,2,Slap,2,somewhat sweet
Melon_Audio/M23P2S3.wav,23,2,Slap,3,somewhat sweet
Melon_Audio/M24P1K1.wav,24,1,Knock,1,very sweet
Melon_Audio/M24P1K2.wav,24,1,Knock,2,very sweet
Melon_Audio/M24P1K3.wav,24,1,Knock,3,very sweet
Melon_Audio/M24P1S1.wav,24,1,Slap,1,very sweet
Melon_Audio/M24P1S2.wav,24,1,Slap,2,very sweet
Melon_Audio/M24P1S3.wav,24,1,Slap,3,very sweet
Melon_Audio/M24P2K1.wav,24,2,Knock,1,very sweet
Melon_Audio/M24P2K2.wav,24,2,Knock,2,very sweet
Melon_Audio/M24P2K3.wav,24,2,Knock,3,very sweet
Melon_Audio/M24P2S1.wav,24,2,Slap,1,very sweet
Melon_Audio/M24P2S2.wav,24,2,Slap,2,very sweet
Melon_Audio/M24P2S3.wav,24,2,Slap,3,very sweet
Melon_Audio/M25P1K1.wav,25,1,Knock,1,not sweet
Melon_Audio/M25P1K2.wav,25,1,Knock,2,not sweet
Melon_Audio/M25P1K3.wav,25,1,Knock,3,not sweet
Melon_Audio/M25P1S1.wav,25,1,Slap,1,not sweet
Melon_Audio/M25P1S2.wav,25,1,Slap,2,not sweet
Melon_Audio/M25P1S3.wav,25,1,Slap,3,not sweet
Melon_Audio/M25P2K1.wav,25,2,Knock,1,not sweet
Melon_Audio/M25P2K2.wav,25,2,Knock,2,not sweet
Melon_Audio/M25P2K3.wav,25,2,Knock,3,not sweet
Melon_Audio/M25P2S1.wav,25,2,Slap,1,not sweet
Melon_Audio/M25P2S2.wav,25,2,Slap,2,not sweet
Melon_Audio/M25P2S3.wav,25,2,Slap,3,not sweet
Melon_Audio/M26P1K1.wav,26,1,Knock,1,very sweet
Melon_Audio/M26P1K2.wav,26,1,Knock,2,very sweet
Melon_Audio/M26P1K3.wav,26,1,Knock,3,very sweet
Melon_Audio/M26P1S1.wav,26,1,Slap,1,very sweet
Melon_Audio/M26P1S2.wav,26,1,Slap,2,very sweet
Melon_Audio/M26P1S3.wav,26,1,Slap,3,very sweet
Melon_Audio/M26P2K1.wav,26,2,Knock,1,very sweet
Melon_Audio/M26P2K2.wav,26,2,Knock,2,very sweet
Melon_Audio/M26P2K3.wav,26,2,Knock,3,very sweet
Melon_Audio/M26P2S1.wav,26,2,Slap,1,very sweet
Melon_Audio/M26P2S2.wav,26,2,Slap,2,very sweet
Melon_Audio/M26P2S3.wav,26,2,Slap,3,very sweet
Melon_Audio/M27P1K1.wav,27,1,Knock,1,sweet
Melon_Audio/M27P1K2.wav,27,1,Knock,2,sweet
Melon_Audio/M27P1K3.wav,27,1,Knock,3,sweet
Melon_Audio/M27P1S1.wav,27,1,Slap,1,sweet
Melon_Audio/M27P1S2.wav,27,1,Slap,2,sweet
Melon_Audio/M27P1S3.wav,27,1,Slap,3,sweet
Melon_Audio/M27P2K1.wav,27,2,Knock,1,sweet
Melon_Audio/M27P2K2.wav,27,2,Knock,2,sweet
Melon_Audio/M27P2K3.wav,27,2,Knock,3,sweet
Melon_Audio/M27P2S1.wav,27,2,Slap,1,sweet
Melon_Audio/M27P2S2.wav,27,2,Slap,2,sweet
Melon_Audio/M27P2S3.wav,27,2,Slap,3,sweet
Melon_Audio/M28P1K1.wav,28,1,Knock,1,very sweet
Melon_Audio/M28P1K2.wav,28,1,Knock,2,very sweet
Melon_Audio/M28P1K3.wav,28,1,Knock,3,very sweet
Melon_Audio/M28P1S1.wav,28,1,Slap,1,very sweet
Melon_Audio/M28P1S2.wav,28,1,Slap,2,very sweet
Melon_Audio/M28P1S3.wav,28,1,Slap,3,very sweet
Melon_Audio/M28P2K1.wav,28,2,Knock,1,very sweet
Melon_Audio/M28P2K2.wav,28,2,Knock,2,very sweet
Melon_Audio/M28P2K3.wav,28,2,Knock,3,very sweet
Melon_Audio/M28P2S1.wav,28,2,Slap,1,very sweet
Melon_Audio/M28P2S2.wav,28,2,Slap,2,very sweet
Melon_Audio/M28P2S3.wav,28,2,Slap,3,very sweet
Melon_Audio/M29P1K1.wav,29,1,Knock,1,somewhat sweet
Melon_Audio/M29P1K2.wav,29,1,Knock,2,somewhat sweet
Melon_Audio/M29P1K3.wav,29,1,Knock,3,somewhat sweet
Melon_Audio/M29P1S1.wav,29,1,Slap,1,somewhat sweet
Melon_Audio/M29P1S2.wav,29,1,Slap,2,somewhat sweet
Melon_Audio/M29P1S3.wav,29,1,Slap,3,somewhat sweet
Melon_Audio/M29P2K1.wav,29,2,Knock,1,somewhat sweet
Melon_Audio/M29P2K2.wav,29,2,Knock,2,somewhat sweet
Melon_Audio/M29P2K3.wav,29,2,Knock,3,somewhat sweet
Melon_Audio/M29P2S1.wav,29,2,Slap,1,somewhat sweet
Melon_Audio/M29P2S2.wav,29,2,Slap,2,somewhat sweet
Melon_Audio/M29P2S3.wav,29,2,Slap,3,somewhat sweet
Melon_Audio/M30P1K1.wav,30,1,Knock,1,very sweet
Melon_Audio/M30P1K2.wav,30,1,Knock,2,very sweet
Melon_Audio/M30P1K3.wav,30,1,Knock,3,very sweet
Melon_Audio/M30P1S1.wav,30,1,Slap,1,very sweet
Melon_Audio/M30P1S2.wav,30,1,Slap,2,very sweet
Melon_Audio/M30P1S3.wav,30,1,Slap,3,very sweet
Melon_Audio/M30P2K1.wav,30,2,Knock,1,very sweet
Melon_Audio/M30P2K2.wav,30,2,Knock,2,very sweet
Melon_Audio/M30P2K3.wav,30,2,Knock,3,very sweet
Melon_Audio/M30P2S1.wav,30,2,Slap,1,very sweet
Melon_Audio/M30P2S2.wav,30,2,Slap,2,very sweet
Melon_Audio/M30P2S3.wav,30,2,Slap,3,very sweet
